Unnamed: 0	auth_0	auth_1	auth_2	auth_3	auth_4	auth_5	auth_6	auth_7	auth_8	auth_9	auth_additional	auth_count	doi	journal	pmid	title	year
1171	Maughan BC	Baren JM	Shea JA	Merchant RM								4.0	10.1111/acem.12821	Acad Emerg Med	26568385	Choosing Wisely in Emergency Medicine: A National Survey of Emergency Medicine Academic Chairs and Division Chiefs.	2015
1490	Batur P	Cleland K	McNamara M	Wu J	Pickle S	EC Survey Group						6.0	10.1016/j.contraception.2015.09.003	Contraception	26363429	Emergency contraception: A multispecialty survey of clinician knowledge and practices.	2016
2279	Harper RJ	Brady WJ	Perron AD	Mangrum M								4.0	10.1053/ajem.2001.24486	Am J Emerg Med	11699000	The paced electrocardiogram: issues for the emergency physician.	2001
3482	Chen CH	Yen DH										2.0	10.1016/j.annemergmed.2017.07.013	Ann Emerg Med	29269001	Elderly Woman With Vomiting.	2018
3563	Yi-Szu W	Chung-Ping H	Tzu-Chieh L	Dar-Yu Y	Tain-Cheng W							5.0	10.1053/ajem.2000.18132	Am J Emerg Med	11103738	Chest injuries transferred to trauma centers after the 1999 Taiwan earthquake.	2000
3589	Porath JD	Meka AP	Morrow C	Iyengar R	Shtull-Leber E	Fagerlin A	Meurer WJ					7.0	10.1111/acem.13404	Acad Emerg Med	29505177	Patient Preferences for Diagnostic Testing in the Emergency Department: A Cross-sectional Study.	2018
4552	Mégarbane B	Weinberg GL										2.0	10.1016/j.ajem.2020.03.065	Am J Emerg Med	32278571	Hypotension and status epilepticus in relation to intrathecal morphine administration.	2020
4665	Bonar EE	Walton MA	Caldwell MT	Whiteside LK	Barry KL	Cunningham RM						6.0	10.1016/j.jemermed.2015.02.017	J Emerg Med	25952707	Sexually Transmitted Infection History among Adolescents Presenting to the Emergency Department.	2015
4707	Greenwood-Ericksen MB	Tipirneni R	Abir M									3.0	10.1016/j.annemergmed.2017.06.025	Ann Emerg Med	28802783	An Emergency Medicine-Primary Care Partnership to Improve Rural Population Health: Expanding the Role of Emergency Medicine.	2017
4812	Kessler CS	Afshar Y	Sardar G	Yudkowsky R	Ankel F	Schwartz A						6.0	10.1111/j.1553-2712.2012.01412.x	Acad Emerg Med	22905961	A prospective, randomized, controlled study demonstrating a novel, effective model of transfer of care between physicians: the 5 Cs of consultation.	2012
5015	Colla JS	Kotini-Shah P	Soppet S	Chen YF	Molokie R	Prajapati P	Prendergast HM					7.0	10.1016/j.ajem.2018.07.006	Am J Emerg Med	30017686	Bedside ultrasound as a predictive tool for acute chest syndrome in sickle cell patients.	2018
6400	Chuang SH	Yang WC	Yang CY	Li SY								4.0	10.1016/j.jemermed.2010.05.043	J Emerg Med	20692787	Encapsulating peritoneal sclerosis and aortic calcification with near-total occlusion.	2012
7018	Shih HC	Huang MS	Lee CH									3.0	10.1016/j.ajem.2010.12.025	Am J Emerg Med	21296525	Relation of signal in mononuclear cell with endotoxin response and clinical outcome after trauma.	2012
7083	Drescher FS	Chandrika S	Weir ID	Weintraub JT	Berman L	Lee R	Van Buskirk PD	Wang Y	Adewunmi A	Fine JM		10.0	10.1016/j.annemergmed.2010.09.018	Ann Emerg Med	21050624	Effectiveness and acceptability of a computerized decision support system using modified Wells criteria for evaluation of suspected pulmonary embolism.	2011
7504	Bohonos JJ	Hogan DE										2.0	10.1016/s0736-4679(98)00125-5	J Emerg Med	9950391	The medical impact of tornadoes in North America.	1999
8330	Carter PM	Walton MA	Zimmerman MA	Chermack ST	Roche JS	Cunningham RM						6.0	10.1111/acem.13021	Acad Emerg Med	27265097	Efficacy of a Universal Brief Intervention for Violence Among Urban Emergency Department Youth.	2016
8443	Shah R	Berzingi C	Fan TH	Askari R	Khan MR							5.0	10.1016/j.jemermed.2015.02.006	J Emerg Med	25912879	Cocaine-Induced Acute Aortic Dissection.	2015
9015	Meehan TJ											1.0	10.5811/westjem.2014.2.19509	West J Emerg Med	25035768	Wordsmithing in medical toxicology: a primer on portmanteaus.	2014
9392	Mayo-Smith MF	Spinale J										2.0	10.1016/s0736-4679(97)00077-2	J Emerg Med	9279700	Thermal epiglottitis in adults: a new complication of illicit drug use.	1997
9559	Sengupta R	Loftus TM	Doers M	Jandarov RA	Phillips M	Ko J	Panos RJ	Zafar MA				8.0	10.1111/acem.14091	Acad Emerg Med	32678934	Resting Borg score as a predictor of safe discharge of chronic obstructive pulmonary disease from the emergency department observation unit.	2020
10031	Shen SH	Chen JD	Tiu CM	Chou YH	Chang CY	Yu C						6.0	10.1053/ajem.2002.355052	Am J Emerg Med	12369031	Colonic diverticulitis diagnosed by computed tomography in the ED.	2002
10362	Anderson DK	Hall ED										2.0	10.1016/s0196-0644(05)82739-8	Ann Emerg Med	8503537	Pathophysiology of spinal cord trauma.	1993
10745	Fan JS	How CK	Chern CH	Wang LM	Huang CI	Chen JD						6.0	10.1016/j.ajem.2006.05.021	Am J Emerg Med	17157706	Acute myocardial infarction diagnosed early by multidetector computed tomography.	2007
11008	Epstein SK	Gottlieb DJ	Faling LJ									3.0	10.1016/0735-6757(93)90059-k	Am J Emerg Med	8447872	Bronchial stump disruption following inadvertent right mainstem intubation 9 years after pneumonectomy.	1993
11848	Chan W	Mason J	Grock A									3.0	10.1016/j.annemergmed.2018.03.021	Ann Emerg Med	29681309	The Long and Winding Triage Road.	2018
12198	Kessler C	Chen J	Dill C	Tyndall G	Olszyk MD							5.0	10.1016/j.ajem.2009.08.008	Am J Emerg Med	20887913	State of affairs of emergency medicine in the Veterans Health Administration.	2010
12259	Desai R	Parekh T										2.0	10.1016/j.jemermed.2020.02.033	J Emerg Med	33183680	Cannabis-Associated Stroke Presentations: No Smoke Without a Fire.	2020
13154	Smith MW	Bentley MA	Fernandez AR	Gibson G	Schweikhart SB	Woods DD						6.0	10.1016/j.annemergmed.2013.04.026	Ann Emerg Med	23787209	Performance of experienced versus less experienced paramedics in managing challenging scenarios: a cognitive task analysis study.	2013
13419	Malya RR	Ganti L										2.0	10.1016/j.annemergmed.2014.10.030	Ann Emerg Med	25481113	Is rhythm control better than rate control for new-onset atrial fibrillation in the emergency department?	2015
14045	Peters MS											1.0	10.1016/0736-4679(96)00031-5	J Emerg Med	8782032	Hospitals respond to water loss during the Midwest floods of 1993: preparedness and improvisation.	1996
14386	Kilaru AS	Lee K	Snider CK	Meisel ZF	Asch DA	Mitra N	Delgado MK					7.0	10.1111/acem.14117	Acad Emerg Med	32853423	Return Hospital Admissions Among 1419 COVID-19 Patients Discharged from Five U.S. Emergency Departments.	2020
14796	Seak CJ	Ng CJ	Yen DH	Wong YC	Hsu KH	Seak JC	Seak CK					7.0	10.1016/j.ajem.2014.09.011	Am J Emerg Med	25308825	Performance assessment of the Simplified Acute Physiology Score II, the Acute Physiology and Chronic Health Evaluation II score, and the Sequential Organ Failure Assessment score in predicting the outcomes of adult patients with hepatic portal venous gas in the ED.	2014
15495	Pellerin G	Gao K	Kaminsky L									3.0	10.1016/j.ajem.2017.08.049	Am J Emerg Med	28855065	Predicting 72-hour emergency department revisits.	2018
15616	Hu SC	Kao WF										2.0	10.1016/S0735-6757(96)90023-6	Am J Emerg Med	8630166	Outcomes in severely ill patients transported without prehospital ALS.	1996
15723	Fan JS	Huang HH	Chen YC	How CK	Yen DH							5.0	10.1016/j.ajem.2017.06.016	Am J Emerg Med	28625532	Emergency department DNR order in patients with spontaneous intracerebral hemorrhage.	2017
17020	Hooker RS	Klocko DJ	Larkin GL									3.0	10.1111/j.1553-2712.2010.00953.x	Acad Emerg Med	21166731	Physician assistants in emergency medicine: the impact of their role.	2011
17386	Liao PH	Fan JS										2.0	10.1016/j.annemergmed.2020.04.008	Ann Emerg Med	33012392	Elderly Man With a Thread Embedded in His Mouth.	2020
17647	Katz DA	Williams GC	Brown RL	Aufderheide TP	Bogner M	Rahko PS	Selker HP					7.0	10.1016/j.annemergmed.2005.04.016	Ann Emerg Med	16308068	Emergency physicians' fear of malpractice in evaluating patients with possible acute cardiac ischemia.	2005
17777	Kessler C	Scott NL	Siedsma M	Jordan J	Beach C	Coletti CM						6.0	10.1016/j.annemergmed.2014.04.022	Ann Emerg Med	24910108	Interunit handoffs of patients and transfers of information: a survey of current practices.	2014
17918	Wang AC	Chen SJ	Lee PC	Hwang BT	Tsai MC							5.0	10.1016/j.ajem.2008.02.012	Am J Emerg Med	18926373	Variant angina in an adolescent coexisting with intermittent Wolff-Parkinson-White syndrome.	2008
19015	Schechter-Perkins EM	Koppelman E	Mitchell PM	Morgan JR	Kutzen R	Drainoni ML						6.0	10.1016/j.ajem.2014.05.034	Am J Emerg Med	24993683	Characteristics of patients who accept and decline ED rapid HIV testing.	2014
20307	Medford-Davis LN	Singh H	Mahajan P									3.0	10.1016/j.pcl.2018.07.003	Pediatr Clin North Am	30446050	Diagnostic Decision-Making in the Emergency Department.	2018
20556	Johnson JR											1.0	10.1016/j.ajem.2017.07.057	Am J Emerg Med	28736093	Treatment of ED patients with bacteriuria/pyuria of clinically undetermined significance.	2017
20597	Richards JR	Laurin EG	Albertson TE									3.0	10.1016/j.jemermed.2014.09.046	J Emerg Med	25453853	"Beta-blocker use for toxicity from ""bath salts""."	2015
20606	Kessler C	Tolia VM	Xie X	Kasi R	Kutka B							5.0	10.1016/j.ajem.2009.10.001	Am J Emerg Med	20825799	Academic practice of emergency medicine in the nation's Veteran's Affairs Hospitals.	2011
20868	Chung SD	Sun HD	Yang DK	Liao CH								4.0	10.1016/j.ajem.2008.05.008	Am J Emerg Med	19041564	Primary obstructive megaureter with ruptured kidney.	2009
20970	Tueth MJ											1.0	10.1016/0735-6757(94)90162-7	Am J Emerg Med	8179753	Diagnosing psychiatric emergencies in the elderly.	1994
21410	Chen CL	Chang MH	Lee WJ									3.0	10.1016/j.jemermed.2020.01.009	J Emerg Med	32204999	A Case Report: An Acute Spinal Epidural Hematoma after Acupuncture Mimicking Stroke.	2020
21583	Farrell SE	Hopson LR	Wolff M	Hemphill RR	Santen SA							5.0	10.1016/j.jemermed.2016.05.007	J Emerg Med	27377967	What's the Evidence: A Review of the One-Minute Preceptor Model of Clinical Teaching and Implications for Teaching in the Emergency Department.	2016
21612	Omar HR	Mirsaeidi M	Mangar D	Camporesi EM								4.0	10.1016/j.ajem.2018.02.037	Am J Emerg Med	29514749	The low prevalence of pulmonary embolism in patients with syncope: What should clinicians do?	2018
21677	Jenkins TC	Knepper BC	Jason Moore S	Saveli CC	Pawlowski SW	Perlman DM	McCollister BD	Burman WJ				8.0	10.1111/acem.12727	Acad Emerg Med	26202847	Microbiology and initial antibiotic therapy for injection drug users and non-injection drug users with cutaneous abscesses in the era of community-associated methicillin-resistant Staphylococcus aureus.	2015
21952	Brucker K	Duggan C	Niezer J	Roseberry K	Le-Niculescu H	Niculescu AB	Kline JA					7.0	10.1111/acem.13562	Acad Emerg Med	30375082	Assessing Risk of Future Suicidality in Emergency Department Patients.	2019
22232	Collins S	Storrow AB	Albert NM	Butler J	Ezekowitz J	Felker GM	Fermann GJ	Fonarow GC	Givertz MM	Hiestand B	['Hollander JE', 'Lanfear DE', 'Levy PD', 'Pang PS', 'Peacock WF', 'Sawyer DB', 'Teerlink JR', 'Lenihan DJ', 'SAEM/HFSA Acute Heart Failure Working Group']	19.0	10.1016/j.cardfail.2014.07.003	J Card Fail	25042620	Early management of patients with acute heart failure: state of the art and future directions. A consensus document from the society for academic emergency medicine/heart failure society of America acute heart failure working group.	2015
22601	Lu YW	Tsai YL	Chang CC	Huang PH								4.0	10.1016/j.ajem.2017.11.046	Am J Emerg Med	29169886	A potential diagnostic pitfall in acute chest pain: Massive pulmonary embolism mimicking acute STEMI.	2018
25009	Rogers IR	Hoffman MD										2.0	10.1016/j.ajem.2014.02.049	Am J Emerg Med	24768336	Etiology and management of exercise-associated hyponatremic encephalopathy (EAHE).	2014
25017	Hern HG	Gallahue FE	Burns BD	Druck J	Jones J	Kessler C	Knapp B	Williams S	Representing the Council of Residency Directors, Transitions of Care Task Force			9.0	10.1111/acem.12867	Acad Emerg Med	26765246	Handoff Practices in Emergency Medicine: Are We Making Progress?	2016
25037	Peck JS	Gaehde SA	Nightingale DJ	Gelman DY	Huckins DS	Lemons MF	Dickson EW	Benneyan JC				8.0	10.1111/acem.12244	Acad Emerg Med	24238319	Generalizability of a simple approach for predicting hospital admission from an emergency department.	2013
25066	Johnson TJ	Hickey RW	Switzer GE	Miller E	Winger DG	Nguyen M	Saladino RA	Hausmann LR				8.0	10.1111/acem.12901	Acad Emerg Med	26763939	The Impact of Cognitive Stressors in the Emergency Department on Physician Implicit Racial Bias.	2016
26308	Prasarn ML	Horodyski M	Schneider P	Wendling A	Hagberg CA	Rechtine GR						6.0	10.1016/j.jemermed.2015.09.009	J Emerg Med	26475486	The Effect of Cricoid Pressure on the Unstable Cervical Spine.	2016
26680	Cole JL											1.0	10.1016/j.jemermed.2020.01.019	J Emerg Med	32241707	Acetazolamide Causes Worsening Acidosis in Uncompensated COPD Exacerbations: Increased Awareness Needed for Patient Safety.	2020
27153	Paddock M	Cardy V	Grock A	Mason J								4.0	10.1016/j.annemergmed.2018.09.031	Ann Emerg Med	30342729	Asymptomatic and Under Pressure.	2018
27219	Lasoff DR	Schneir A										2.0	10.1016/j.jemermed.2015.11.017	J Emerg Med	26794455	Ventricular Dysrhythmias from Loperamide Misuse.	2016
27441	Schlesinger SA											1.0	10.1016/j.annemergmed.2014.12.013	Ann Emerg Med	25601252	Commentary: Side impact air bags: mitigating risk in the era of the SUV.	2015
28166	Shiau EL	Wu FZ	Huang YL	Wu MT								4.0	10.1016/j.ajem.2013.05.036	Am J Emerg Med	23790481	Aortic intramural hematoma with pulmonary artery extension mimics pulmonary embolism.	2013
28216	O'Connell CW	Sadler CA	Tolia VM	Ly BT	Saitman AM	Fitzgerald RL						6.0	10.1016/j.annemergmed.2014.12.019	Ann Emerg Med	25805032	Overdose of etizolam: the abuse and rise of a benzodiazepine analog.	2015
29006	Kizer KW	Pane GA										2.0	10.1016/s0196-0644(97)70053-2	Ann Emerg Med	9398778	"The ""new VA"": delivering health care value through integrated service networks."	1997
29045	Hastings SN	Horney C	Landerman LR	Sanders LL	Hocker MB	Schmader KE						6.0	10.1111/j.1553-2712.2010.00870.x	Acad Emerg Med	21040110	Exploring patterns of health service use in older emergency department patients.	2010
29280	Baer G	Akers S	Grossman M	Soper R	Tayoun P	Brown S						6.0	10.1016/j.annemergmed.2016.01.035	Ann Emerg Med	27568447	Man With Right-Sided Abdominal Pain.	2016
29882	Unterman S	Kessler C	Pitzele HZ									3.0	10.1016/j.ajem.2009.04.025	Am J Emerg Med	20579561	Staffing of the ED by non-emergency medicine-trained personnel: the VA experience.	2010
30004	Beri N	Marston NA	Daniels LB	Nowak RM	Schreiber D	Mueller C	Jaffe A	Diercks DB	Wettersten N	DeFilippi C	['Peacock WF', 'Limkakeng AT', 'Anand I', 'McCord J', 'Hollander JE', 'Wu AHB', 'Apple FS', 'Nagurney JT', 'Berardi C', 'Cannon CM', 'Clopton P', 'Neath SX', 'Christenson RH', 'Hogan C', 'Vilke G', 'Maisel A']	26.0	10.1016/j.ajem.2016.10.072	Am J Emerg Med	27847253	Necessity of hospitalization and stress testing in low risk chest pain patients.	2017
30621	Chiu YH	How CK	Chern CH	Wang LM	Huang CI							5.0	10.1016/j.ajem.2006.11.019	Am J Emerg Med	17276846	Cardiac rescue with intra-aortic balloon counterpulsation in refractory shock due to acute meningococcemia.	2007
31085	Nelson RE	Stockmann C	Hersh AL	Pavia AT	Korgenksi K	Daly JA	Couturier MR	Ampofo K	Thorell EA	Doby EH	['Robison JA', 'Blaschke AJ']	12.0	10.1097/INF.0000000000000703	Pediatr Infect Dis J	25973935	Economic analysis of rapid and sensitive polymerase chain reaction testing in the emergency department for influenza infections in children.	2015
31512	Kessler CS											1.0	10.1016/j.jemermed.2009.02.002	J Emerg Med	19303236	One foley, two foley, red foley, blue foley.	2009
31906	Collins SP	Levy PD	Martindale JL	Dunlap ME	Storrow AB	Pang PS	Albert NM	Felker GM	Fermann GJ	Fonarow GC	['Givertz MM', 'Hollander JE', 'Lanfear DE', 'Lenihan DJ', 'Lindenfeld JM', 'Peacock WF', 'Sawyer DB', 'Teerlink JR', 'Butler J']	19.0	10.1111/acem.13025	Acad Emerg Med	27286136	Clinical and Research Considerations for Patients With Hypertensive Acute Heart Failure: A Consensus Statement from the Society for Academic Emergency Medicine and the Heart Failure Society of America Acute Heart Failure Working Group.	2016
32182	Sun BC	Hoffman JR	Mower WR	Shlamovitz GZ	Gabayan GZ	Mangione CM						6.0	10.1016/j.annemergmed.2007.04.006	Ann Emerg Med	17559972	Low diagnostic yield of electrocardiogram testing in younger patients with syncope.	2008
32209	Shaban A	Zafar A	Borte B	Elhawi Y	Maamar-Tayeb A	Eyck PT	Ahmed A	Wattiez AS	Fattal D			9.0	10.1016/j.jemermed.2020.10.052	J Emerg Med	33308916	The Bucket Test Improves Detection of Stroke in Patients With Acute Dizziness.	2021
33311	Radecki RP	McNaughton CD	Spiegel RS									3.0	10.1016/j.annemergmed.2019.12.018	Ann Emerg Med	31959314	Everything Cold Is New Again: February 2020 Annals of Emergency Medicine Journal Club.	2020
33397	Young GP	Hedges JR	Gibler WB	Green TR	Swanson R							5.0	10.1016/s0196-0644(05)81475-1	Ann Emerg Med	1952309	Do CK-MB results affect chest pain decision making in the emergency department?	1991
34271	Asche CV	Kim M	Brown A	Golden A	Laack TA	Rosario J	Strother C	Totten VY	Okuda Y			9.0	10.1111/acem.13327	Acad Emerg Med	28965366	Communicating Value in Simulation: Cost-Benefit Analysis and Return on Investment.	2018
34483	Salemis NS	Oikonomakis I	Lagoudianakis E	Boubousis G	Tsakalakis C	Sourlas S	Gourgiotis S					7.0	10.1016/j.ajem.2014.05.026	Am J Emerg Med	24972961	Enoxaparin-induced spontaneous massive retroperitoneal hematoma with fatal outcome.	2014
35091	Chern CH	How CK	Huang LJ									3.0	10.1016/j.annemergmed.2005.12.027	Ann Emerg Med	16857472	Images in emergency medicine. Necrotizing fasciitis caused by Aeromonas hydrophila.	2006
35195	Knapp H	Hagedorn H	Anaya HD									3.0	10.1016/j.ajem.2014.04.043	Am J Emerg Med	24908442	HIV rapid testing in a Veterans Affairs hospital ED setting: a 5-year sustainability evaluation.	2014
35481	Chavez CW	Binder B										2.0	10.1016/0736-4679(96)00083-2	J Emerg Med	8842918	A hospital as victim and responder: the Sepulveda VA Medical Center and the Northridge earthquake.	1996
35817	Gabayan GZ	Gould MK	Weiss RE	Patel N	Donkor KA	Chiu VY	Yiu SC	Jones JP	Hoffman JR	Sarkisian CA		10.0	10.1016/j.annemergmed.2016.01.007	Ann Emerg Med	26947799	Poor Outcomes After Emergency Department Discharge of the Elderly: A Case-Control Study.	2016
36234	Shih HC	Su CH	Lee CH									3.0	10.1016/s0735-6757(99)90005-0	Am J Emerg Med	9928689	Superoxide production of neutrophils after severe injury: impact of subsequent surgery and sepsis.	1999
36268	Han JH	Vasilevskis EE	Schnelle JF	Shintani A	Dittus RS	Wilson A	Ely EW					7.0	10.1111/acem.12706	Acad Emerg Med	26113020	The Diagnostic Performance of the Richmond Agitation Sedation Scale for Detecting Delirium in Older Emergency Department Patients.	2015
36334	Carmelli G	Grock A	Picart E	Mason J								4.0	10.1016/j.annemergmed.2018.04.004	Ann Emerg Med	29776497	The Nitty-Gritty of Clinical Decision Rules.	2018
36834	Lasoff DR	Ruha AM	Curry SC	Koh C	Clark RF							5.0	10.1016/j.ajem.2016.07.061	Am J Emerg Med	27567423	A new F(ab')<sub>2</sub> antivenom for the treatment of crotaline envenomation in children.	2016
37292	Dermody SM	Masciello M	Malekzadeh S									3.0	10.1002/lary.29264	Laryngoscope	33174622	A Multispecialty Critical Airway Simulation Course for Medical Students.	2021
37624	Elfessi Z	Liu E	Dukarevich Y	Caniff K	Marquez K	Shabbir Z						6.0	10.1016/j.ajem.2019.158428	Am J Emerg Med	31522927	Sepsis induced bacterial peritonitis caused by Granulicatella adiacens.	2019
37849	Chia-Yu Chang J	Hsu TF	How CK									3.0	10.1016/j.jemermed.2014.09.050	J Emerg Med	25455475	Acute urine retention with two giant urinary bladder diverticula.	2015
37881	Jung E	Kye YC	Park C	Lee J	Park JR	Lee KH	Kim SS	Kim D	Kim D			9.0	10.1016/j.ajem.2019.11.009	Am J Emerg Med	31787445	Ultrasound-guided analgesic injection for acromioclavicular joint - For better safety.	2020
38397	Grzybowski M	Younger JG										2.0	10.1111/j.1553-2712.1997.tb03793.x	Acad Emerg Med	9262704	Statistical methodology: III. Receiver operating characteristic (ROC) curves.	1997
39170	Sue MA	Noritake DT	Klaustermeyer WB									3.0	10.1016/0735-6757(88)90245-8	Am J Emerg Med	3415739	Penicillin anaphylaxis: fatality in elderly patients without a history of penicillin allergy.	1988
39233	Metlay JP	Camargo CA	MacKenzie T	McCulloch C	Maselli J	Levin SK	Kersey A	Gonzales R	IMPAACT Investigators			9.0	10.1016/j.annemergmed.2007.03.022	Ann Emerg Med	17509729	Cluster-randomized trial to improve antibiotic use for adults with acute respiratory infections treated in emergency departments.	2007
39685	Shih HC	Liu M	Wu JK	Hung MS	Ko TJ	Lee CH	Lui WY					7.0	10.1016/0735-6757(95)90249-X	Am J Emerg Med	7832963	Blunt gastrointestinal injury in trauma patients.	1995
39930	Goldberg EM	Marks SJ	Resnik LJ	Long S	Mellott H	Merchant RC						6.0	10.1016/j.annemergmed.2020.07.025	Ann Emerg Med	32854965	Can an Emergency Department-Initiated Intervention Prevent Subsequent Falls and Health Care Use in Older Adults? A Randomized Controlled Trial.	2020
41008	Gianos ME	Klaustermeyer WB	Kurohara M	Tarnasky P	Gordon E							5.0	10.1016/0735-6757(90)90198-9	Am J Emerg Med	2302280	Enalapril induced angioedema.	1990
41256	Mohr NM	Harland KK	Crabb V	Mutnick R	Baumgartner D	Spinosi S	Haarstad M	Ahmed A	Schweizer M	Faine B		10.0	10.1111/acem.12894	Acad Emerg Med	26782662	Urinary Squamous Epithelial Cells Do Not Accurately Predict Urine Culture Contamination, but May Predict Urinalysis Performance in Predicting Bacteriuria.	2016
42016	Parker JJ	Svingos RS	Reeder DN	Grieser E								4.0	10.1016/j.jemermed.2012.11.067	J Emerg Med	23522955	A rare cause of blindness.	2013
42217	Wang JC	Tsai SH	Chen YL	Hsu CW	Lai KC	Liao WI	Li LY	Kao WF	Fan JS	Chen YH		10.0	10.1016/j.ajem.2014.07.007	Am J Emerg Med	25154345	The physiological effects and quality of chest compressions during CPR at sea level and high altitude.	2014
42644	Doyle RJ	Elfessi Z	Kolman K									3.0	10.1016/j.ajem.2018.06.040	Am J Emerg Med	30001816	Fixed dose 4-factor prothrombin complex concentrate for bleeding caused by long acting anticoagulant rodenticides.	2018
43575	Kanzaria HK	Hoffman JR	Probst MA	Caloyeras JP	Berry SH	Brook RH						6.0	10.1111/acem.12625	Acad Emerg Med	25807868	Emergency physician perceptions of medically unnecessary advanced diagnostic imaging.	2015
44036	Dieujuste N	Johnson-Koenke R	Christopher M	Gunzburger EC	Emmendorfer T	Kessler C	Haukoos J	Smith J	Sasson C			9.0	10.1111/acem.13980	Acad Emerg Med	32239558	Feasibility Study of a Quasi-experimental Regional Opioid Safety Prescribing Program in Veterans Health Administration Emergency Departments.	2020
44109	How CK	Hou SK	Shih HC	Yen DH	Huang CI	Lee CH	Tang GJ					7.0	10.1016/j.ajem.2010.01.010	Am J Emerg Med	20825846	Usefulness of triggering receptor expressed on myeloid cells-1 in differentiating between typical and atypical community-acquired pneumonia.	2011
44938	Mathioulakis S	Liverakou E	Gourgiotis S	Salemis NS								4.0	10.1016/j.ajem.2014.03.030	Am J Emerg Med	24746859	Choloperitoneum causes extensive coloring of the abdominal wall skin.	2014
44970	Evans CS	Gerardo CJ										2.0	10.1016/j.annemergmed.2014.12.026	Ann Emerg Med	25805034	The copperhead coagulopathy conundrum.	2015
45630	Reeves RR	Pendarvis EJ	Kimble R									3.0	10.1053/ajem.2000.7318	Am J Emerg Med	10919525	Unrecognized medical emergencies admitted to psychiatric units.	2000
46333	Kanzaria HK	Probst MA	Ponce NA	Hsia RY								4.0	10.1016/j.ajem.2014.07.038	Am J Emerg Med	25176565	The association between advanced diagnostic imaging and ED length of stay.	2014
46610	MacNeill EC	Cabey W	Kluge R	Norton J	Mitchell AM							5.0	10.1111/acem.13100	Acad Emerg Med	27717129	Emergency Department Utilization in Children <36 Months Is Not an Independent Risk Factor for Maltreatment.	2016
46620	Lemoine N	Dajer A	Konwinski J	Cavanaugh D	Besthoff C	Singh H						6.0	10.1002/jhrm.21321	J Healthc Risk Manag	29752833	Understanding diagnostic safety in emergency medicine: A case-by-case review of closed ED malpractice claims.	2018
46894	Kessler CS	Dharmapuri S	Marcolini EG									3.0	10.1016/j.annemergmed.2011.06.011	Ann Emerg Med	21820211	Qualitative analysis of effective lecture strategies in emergency medicine.	2011
47833	Li YH	Wang YC	Wang YC	Liu JC	Lee CH	Chen CC	Hsieh IC	Kuo FY	Huang WC	Sung SH	['Chiu CZ', 'Hsu JC', 'Jen SL', 'Hwang JJ', 'Lin JL', 'Writing Group of 2018 Taiwan Guidelines for the Management of Non ST-segment Elevation Acute Coronary Syndrome']	16.0	10.1016/j.jfma.2018.06.002	J Formos Med Assoc	30017533	2018 Guidelines of the Taiwan Society of Cardiology, Taiwan Society of Emergency Medicine and Taiwan Society of Cardiovascular Interventions for the management of non ST-segment elevation acute coronary syndrome.	2018
48212	Shih HC	Hu SC	Yang CC	Ko TJ	Wu JK	Lee CH						6.0	10.1053/ajem.2003.50025	Am J Emerg Med	12671806	Alcohol intoxication increases morbidity in drivers involved in motor vehicle accidents.	2003
48908	Schuur JD	Justice A										2.0	10.1111/j.1553-2712.2008.00303.x	Acad Emerg Med	19145713	Measuring quality of care in syncope: case definition affects reported electrocardiogram use but does not bias reporting.	2009
49737	Collins SP	Storrow AB	Levy PD	Albert N	Butler J	Ezekowitz JA	Felker GM	Fermann GJ	Fonarow GC	Givertz MM	['Hiestand B', 'Hollander JE', 'Lanfear DE', 'Pang PS', 'Peacock WF', 'Sawyer DB', 'Teerlink JR', 'Lenihan DJ']	18.0	10.1111/acem.12538	Acad Emerg Med	25423908	Early management of patients with acute heart failure: state of the art and future directions--a consensus document from the SAEM/HFSA acute heart failure working group.	2015
50097	Mastarone GL	Wyse JJ	Wilbur ER	Morasco BJ	Saha S	Carlson KF						6.0	10.1093/pm/pnz289	Pain Med	31722393	Barriers to Utilization of Prescription Drug Monitoring Programs Among Prescribing Physicians and Advanced Practice Registered Nurses at Veterans Health Administration Facilities in Oregon.	2020
52003	Duriseti RS	Brandeau ML										2.0	10.1016/j.annemergmed.2010.03.029	Ann Emerg Med	20605261	Cost-effectiveness of strategies for diagnosing pulmonary embolism among emergency department patients presenting with undifferentiated symptoms.	2010
52846	Wang LM	Huang YT	Chern CH	Lo HC	Lee CH	Tang DD	Ho LT					7.0		Zhonghua Yi Xue Za Zhi (Taipei)	11853216	Tele-emergency medicine: the evaluation of Taipei Veterans General Hospital and Kinmen-Granite Hospital in Taiwan.	2001
53025	Govindaswami M	Brown SA	Yu J	Zhu H	Bishop PD	Kindy MS	Oeltgen PR					7.0	10.1111/j.1553-2712.2008.00048.x	Acad Emerg Med	18304055	Delta 2-specific opioid receptor agonist and hibernating woodchuck plasma fraction provide ischemic neuroprotection.	2008
53562	Dismuke CE	Bishu KG	Fakhry S	Walker RJ	Egede LE							5.0	10.1111/acem.13143	Acad Emerg Med	27976494	Clinical Factors and Expenditures Associated With ICD-9-CM Coded Trauma for the U.S. Population: A Nationally Representative Study.	2017
54089	Li K	Armenian P	Mason J	Grock A								4.0	10.1016/j.annemergmed.2018.05.010	Ann Emerg Med	29929656	Narcan or Nar-can't: Tips and Tricks to Safely Reversing Opioid Toxicity.	2018
54614	Agarwal AK	Mahoney K	Lanza AL	Klinger EV	Asch DA	Fausti N	Tufts C	Ungar L	Merchant RM			9.0	10.1016/j.annemergmed.2018.09.029	Ann Emerg Med	30392737	Online Ratings of the Patient Experience: Emergency Departments Versus Urgent Care Centers.	2019
57153	Siao P	Yagnik P										2.0	10.1016/0736-4679(88)90012-1	J Emerg Med	3225448	Spinal epidural abscess.	1988
57192	Smith S	Devine M	Taddeo J	McAlister VC								4.0	10.1136/bmjopen-2016-014697	BMJ Open	28835410	Injury profile suffered by targets of antipersonnel improvised explosive devices: prospective cohort study.	2017
57287	Rees RS	Bergman J	Ramirez-Alexander R									3.0	10.1016/0735-6757(92)90010-u	Am J Emerg Med	1319709	Angioedema associated with lisinopril.	1992
57704	Frallicciardi A	Vora S	Bentley S	Nadir NA	Cassara M	Hart D	Park C	Cheng A	Aghera A	Moadel T	['Dobiesz V']	11.0	10.1111/acem.13019	Acad Emerg Med	27251553	Development of an Emergency Medicine Simulation Fellowship Consensus Curriculum: Initiative of the Society for Academic Emergency Medicine Simulation Academy.	2016
58276	Kessler CS	Khan BA	Lai-Miller K									3.0	10.1016/j.jemermed.2012.01.027	J Emerg Med	22445678	Thrombotic thrombocytopenic purpura: a hematological emergency.	2012
58533	Sozener CB	Lypson ML	House JB	Hopson LR	Dooley-Hash SL	Hauff S	Eddy M	Fischer JP	Santen SA			9.0	10.1097/ACM.0000000000000953	Acad Med	26488570	Reporting Achievement of Medical Student Milestones to Residency Program Directors: An Educational Handover.	2016
59177	Nolt BR	Gonzales R	Maselli J	Aagaard E	Camargo CA	Metlay JP						6.0	10.1016/j.ajem.2006.11.031	Am J Emerg Med	17606087	Vital-sign abnormalities as predictors of pneumonia in adults with acute cough illness.	2007
59444	Paniagua MA	Malphurs JE	Phelan EA									3.0	10.1016/j.ajem.2005.12.005	Am J Emerg Med	16787797	Older patients presenting to a county hospital ED after a fall: missed opportunities for prevention.	2006
60097	Kessler C	Kutka BM	Badillo C									3.0	10.1016/j.jemermed.2011.01.025	J Emerg Med	21620608	Consultation in the emergency department: a qualitative analysis and review.	2012
60971	Ruetzler K	Smereka J	Szarpak L	Czekajlo M								4.0	10.1016/j.ajem.2018.08.030	Am J Emerg Med	30100331	Novel method of infant chest compression. Does the arrangement of the thumbs matter?	2019
61054	Southerland LT	Lo AX	Biese K	Arendts G	Banerjee J	Hwang U	Dresden S	Argento V	Kennedy M	Shenvi CL	['Carpenter CR']	11.0	10.1016/j.annemergmed.2019.08.430	Ann Emerg Med	31732374	Concepts in Practice: Geriatric Emergency Departments.	2020
61669	Landman AB	Torbati SS										2.0	10.1016/j.jemermed.2009.03.020	J Emerg Med	19443168	Chronic aortic dissection in a young adult.	2012
61746	Lasoff D	Vilke G	Nordstrom K	Wilson M								4.0	10.1016/j.jemermed.2016.05.041	J Emerg Med	27431869	Psychiatric Emergencies for Clinicians: Detection and Management of Anti-N-Methyl-D-Asparate Receptor Encephalitis.	2016
61850	Probst MA	Kanzaria HK	Gbedemah M	Richardson LD	Sun BC							5.0	10.1016/j.ajem.2015.04.030	Am J Emerg Med	25943042	National trends in resource utilization associated with ED visits for syncope.	2015
63112	Wilsey B	Fishman S	Rose JS	Papazian J								4.0	10.1016/j.ajem.2003.09.005	Am J Emerg Med	14724879	Pain management in the ED.	2004
63719	Reeves RR	Pinkofsky HB	Stevens L									3.0	10.1016/s0735-6757(98)90162-0	Am J Emerg Med	9827734	Medicolegal errors in the ED related to the involuntary confinement of psychiatric patients.	1998
65355	Kessler CS	Stallings LA	Gonzalez AA	Templeman TA								4.0	10.1111/j.1553-2712.2009.00503.x	Acad Emerg Med	19673705	Combined residency training in emergency medicine and internal medicine: an update on career outcomes and job satisfaction.	2009
65496	Trivedi TK	Glenn M	Hern G	Schriger DL	Sporer KA							5.0	10.1016/j.annemergmed.2018.08.422	Ann Emerg Med	30274946	"Emergency Medical Services Use Among Patients Receiving Involuntary Psychiatric Holds and the Safety of an Out-of-Hospital Screening Protocol to ""Medically Clear"" Psychiatric Emergencies in the Field, 2011 to 2016."	2019
65898	Weaver JL	Barnett RE	Patterson DE	Ramjee VG	Riedinger E	Younga J	Sepulveda EA	Keskey RC	Cheadle WG			9.0	10.1016/j.ajem.2015.12.008	Am J Emerg Med	26795889	Large-bowel disease presenting as small-bowel obstruction is associated with a poor prognosis.	2016
66347	Han JH	Wilson A	Schnelle JF	Dittus RS	Ely EW							5.0	10.1016/j.ajem.2018.03.060	Am J Emerg Med	29699898	An evaluation of single question delirium screening tools in older emergency department patients.	2018
66426	Grady D	Redberg RF	Mallon WK									3.0	10.1001/jamainternmed.2013.8272	JAMA Intern Med	24534809	How should top-five lists be developed?: what is the next step?	2014
67956	Chen KW	Chiu WY	Lo YH									3.0	10.1016/j.ajem.2014.06.024	Am J Emerg Med	25070194	Sore throat may be a clue to the early diagnosis of spontaneous pneumomediastinum.	2015
69551	Collins SP	Levy PD	Martindale JL	Dunlap ME	Storrow AB	Pang PS	Albert NM	Felker GM	Fermann GJ	Fonarow GC	['Givertz MM', 'Hollander JE', 'Lanfear DJ', 'Lenihan DJ', 'Lindenfeld JM', 'Peacock WF', 'Sawyer DB', 'Teerlink JR', 'Butler J']	19.0	10.1016/j.cardfail.2016.04.015	J Card Fail	27262665	Clinical and Research Considerations for Patients With Hypertensive Acute Heart Failure: A Consensus Statement from the Society of Academic Emergency Medicine and the Heart Failure Society of America Acute Heart Failure Working Group.	2016
69567	Sun BC	Binstadt ES	Pelletier A	Camargo CA								4.0	10.1016/j.jemermed.2006.05.045	J Emerg Med	17307641	"Characteristics and temporal trends of ""left before being seen"" visits in US emergency departments, 1995-2002."	2007
69813	Stearns CR	Gonzales R	Camargo CA	Maselli J	Metlay JP							5.0	10.1111/j.1553-2712.2009.00522.x	Acad Emerg Med	19799568	Antibiotic prescriptions are associated with increased patient satisfaction with emergency department visits for acute respiratory tract infections.	2009
70018	Chang YT	Wann SR	Tsai JS	Kao CH	Lee PT	Huang NC	Yen CC	Huang MS	Chang HT			9.0	10.1016/j.ajem.2012.08.028	Am J Emerg Med	23158600	The role of autonomic nervous system function in hypothermia-mediated sepsis protection.	2013
70212	Ward MJ	Kripalani S	Storrow AB	Liu D	Speroff T	Matheny M	Thomassee EJ	Vogus TJ	Munoz D	Scott C	['Fredi JL', 'Dittus RS']	12.0	10.1016/j.ajem.2014.12.067	Am J Emerg Med	25618768	Timeliness of interfacility transfer for ED patients with ST-elevation myocardial infarction.	2015
70303	Olshaker JS	Deckleman C										2.0	10.1016/s0736-4679(99)00040-2	J Emerg Med	10338238	Delayed presentation of splenic rupture after colonoscopy.	1999
71380	Roman J											1.0	10.1513/AnnalsATS.201710-792OI	Ann Am Thorac Soc	29361240	Hurricane Maria: A Preventable Humanitarian and Health Care Crisis Unveiling the Puerto Rican Dilemma.	2018
71715	Doran KM	Colucci AC	Hessler RA	Ngai CK	Williams ND	Wallach AB	Tanner M	Allen MH	Goldfrank LR	Wall SP		10.0	10.1016/j.annemergmed.2012.10.021	Ann Emerg Med	23261312	An intervention connecting low-acuity emergency department patients with primary care: effect on future primary care linkage.	2013
74240	Peck JS	Benneyan JC	Nightingale DJ	Gaehde SA								4.0	10.1111/j.1553-2712.2012.01435.x	Acad Emerg Med	22978731	Predicting emergency department inpatient admissions to improve same-day patient flow.	2012
74791	Huded JM	Lee A	McQuown CM	Song S	Ascha MS	Kresevic DM	Maloney GE	Smith TI				8.0	10.1016/j.ajem.2020.10.039	Am J Emerg Med	33129647	Implementation of a geriatric emergency department program using a novel workforce.	2021
75080	Ho V	Metcalfe L	Dark C	Vu L	Weber E	Shelton G	Underwood HR					7.0	10.1016/j.annemergmed.2016.12.006	Ann Emerg Med	28262320	Comparing Utilization and Costs of Care in Freestanding Emergency Departments, Hospital Emergency Departments, and Urgent Care Centers.	2017
75373	Sauser K	Burke JF	Reeves MJ	Barsan WG	Levine DA							5.0	10.1016/j.annemergmed.2014.01.034	Ann Emerg Med	24613595	A systematic review and critical appraisal of quality measures for the emergency care of acute ischemic stroke.	2014
77080	Kao CC	Yen DH	Lee YT									3.0	10.1016/j.ajem.2019.04.023	Am J Emerg Med	31006602	Hiccups as the only symptom of acute myocardial infarction.	2019
77151	Stehr DE	Klein BJ	Murata GH									3.0	10.1016/s0196-0644(05)81386-1	Ann Emerg Med	1928884	Emergency department return visits in chronic obstructive pulmonary disease: the importance of psychosocial factors.	1991
77211	Tseng CY	Chiu YH	Chuang JL	Chen JD	Huang HH	How CK	Yen DH	Huang MS				8.0	10.1016/j.ajem.2013.08.009	Am J Emerg Med	24051008	How to differentiate spontaneous intramural intestinal hemorrhage from acute mesenteric ischemia.	2013
77256	How CK	Chern CH	Wang LM	Lee CH								4.0	10.1053/ajem.2000.7349	Am J Emerg Med	10919543	Heat stroke in a subtropical country.	2000
77736	Lowenstein M	Kilaru A	Perrone J	Hemmons J	Abdel-Rahman D	Meisel ZF	Delgado MK					7.0	10.1016/j.ajem.2019.02.025	Am J Emerg Med	30803850	Barriers and facilitators for emergency department initiation of buprenorphine: A physician survey.	2019
78210	Shah KS	Marston NA	Mueller C	Neath SX	Christenson RH	McCord J	Nowak RM	Vilke GM	Daniels LB	Hollander JE	['Apple FS', 'Cannon CM', 'Nagurney J', 'Schreiber D', 'deFilippi C', 'Hogan CJ', 'Diercks DB', 'Limkakeng A', 'Anand IS', 'Wu AH', 'Clopton P', 'Jaffe AS', 'Peacock WF', 'Maisel AS']	24.0	10.1111/acem.12649	Acad Emerg Med	25908114	Midregional proadrenomedullin predicts mortality and major adverse cardiac events in patients presenting with chest pain: results from the CHOPIN trial.	2015
78820	Greenstein YY	Martin TJ	Rolnitzky L	Felner K	Kaufman B							5.0	10.1097/SIH.0000000000000088	Simul Healthc	25932707	Goal-Directed Transthoracic Echocardiography During Advanced Cardiac Life Support: A Pilot Study Using Simulation to Assess Ability.	2015
79777	Gabayan GZ	Gould MK	Weiss RE	Derose SF	Chiu VY	Sarkisian CA						6.0	10.1111/acem.13194	Acad Emerg Med	28375565	Emergency Department Vital Signs and Outcomes After Discharge.	2017
79833	Johnson TJ	Winger DG	Hickey RW	Switzer GE	Miller E	Nguyen MB	Saladino RA	Hausmann LR				8.0	10.1016/j.acap.2016.08.010	Acad Pediatr	27620844	Comparison of Physician Implicit Racial Bias Toward Adults Versus Children.	2017
80894	Moffett BK	Panchabhai TS	Nakamatsu R	Arnold FW	Peyrani P	Wiemken T	Guardiola J	Ramirez JA				8.0	10.1016/j.ajem.2016.09.021	Am J Emerg Med	27793503	Comparing posteroanterior with lateral and anteroposterior chest radiography in the initial detection of parapneumonic effusions.	2016
81711	Lin CJ	Chen JD	Tiu CM	Chou YH	Chiang JH	Lee CH	Chang CY	Yu C				8.0	10.1016/j.ajem.2004.09.021	Am J Emerg Med	15672340	Can ruptured appendicitis be detected preoperatively in the ED?	2005
81823	Roberts ES	Belland L	Rivera-Reyes L	Hwang U								4.0	10.1016/j.ajem.2016.05.010	Am J Emerg Med	27241564	The effect of surgical consult in the treatment of abdominal pain in older adults in the ED.	2016
82092	McBain SA	Woodward E	Palmer BE	Landes SJ	Wilson MP							5.0	10.1016/j.ajem.2020.04.014	Am J Emerg Med	32307294	Patients accept screening for mental health and substance use disorders while ED clinicians support only if able to refer.	2020
82429	Fehr AE	Pentz RD	Dickert NW									3.0	10.1016/j.annemergmed.2014.06.023	Ann Emerg Med	25085547	Learning from experience: a systematic review of community consultation acceptance data.	2015
82471	Chern TL	Hu SC	Lee CH	Deng JF								4.0	10.1016/0735-6757(93)90103-i	Am J Emerg Med	8476450	Diagnostic and therapeutic utility of flumazenil in comatose patients with drug overdose.	1993
83037	Maisel AS	Peacock WF	Shah KS	Clopton P	Diercks D	Hiestand B	Kontos MC	Mueller C	Nowak R	Chen WJ	['Collins SP']	11.0	10.1016/j.ajem.2010.03.032	Am J Emerg Med	20627217	"Acoustic cardiography S3 detection use in problematic subgroups and B-type natriuretic peptide ""gray zone"": secondary results from the Heart failure and Audicor technology for Rapid Diagnosis and Initial Treatment Multinational Investigation."	2011
83601	Quest TE	Asplin BR	Cairns CB	Hwang U	Pines JM							5.0	10.1111/j.1553-2712.2011.01088.x	Acad Emerg Med	21676052	Research priorities for palliative and end-of-life care in the emergency setting.	2011
83906	Gershon T	Olshaker JS										2.0	10.1016/s0735-6757(98)90009-2	Am J Emerg Med	9725973	Acute pancreatitis following lisinopril rechallenge.	1998
83929	Chiu WT	Lin KC	Tsai MS	Hsu CH	Wang CH	Kuo LK	Chien YS	Wu CH	Lai CH	Huang WC	['Wang CH', 'Wang TL', 'Hsu HH', 'Lin JJ', 'Hwang JJ', 'Ng CJ', 'Choi WM', 'Huang CH']	18.0	10.1016/j.jfma.2020.07.036	J Formos Med Assoc	32829996	Post-cardiac arrest care and targeted temperature management: A consensus of scientific statement from the Taiwan Society of Emergency & Critical Care Medicine, Taiwan Society of Critical Care Medicine and Taiwan Society of Emergency Medicine.	2021
84019	Chiu HH	Wu CS	Lan CE									3.0	10.1016/j.jemermed.2016.01.034	J Emerg Med	27717588	Onychomadesis: A Late Complication of Hand, Foot, and Mouth Disease.	2017
84836	Probst MA	Kanzaria HK	Hoffman JR	Mower WR	Moheimani RS	Sun BC	Quigley DD					7.0	10.1016/j.jemermed.2015.02.013	J Emerg Med	25943288	Emergency Physicians' Perceptions and Decision-making Processes Regarding Patients Presenting with Palpitations.	2015
85386	Tueth MJ											1.0	10.1016/0735-6757(94)90248-8	Am J Emerg Med	8161398	Emergencies caused by side effects of psychiatric medications.	1994
85599	Weinstock M	Pallaci M	Aluisio AR	Cooper B	Gottlieb D	Grock A	Frye A	Love JN	Orman R	Riddell J		10.0	10.1016/j.annemergmed.2020.01.021	Ann Emerg Med	32317122	Effect of Interpolated Questions on Podcast Knowledge Acquisition and Retention: A Double-Blind, Multicenter, Randomized Controlled Trial.	2020
86858	Puślecki M	Ligowski M	Kiel M	Dąbrowski M	Stefaniak S	Maciejewski A	Kiel-Puślecka I	Telec W	Czekajlo M	Jemielity M		10.0	10.1016/j.ajem.2017.07.082	Am J Emerg Med	28780233	ECMO therapy simulator for extracorporeal life support.	2018
87506	McNaughton C	Barrett TW	Schriger DL									3.0	10.1016/j.annemergmed.2011.04.002	Ann Emerg Med	21782554	Shining light on pupillary response after paralysis and the role of case series in clinical research: answers to the March 2011 Journal Club questions.	2011
87744	Cieri B	Conway EL	Sellick JA	Mergenhagen KA								4.0	10.1016/j.ajem.2018.04.046	Am J Emerg Med	29716798	Identification of risk factors for failure in patients with skin and soft tissue infections.	2019
88119	Chou SL	Chern CH	How CK	Wang LM	Huang CI	Lee CH						6.0	10.1016/j.jemermed.2004.11.017	J Emerg Med	15769571	A rare case of massive pericardial effusion secondary to hypothyroidism.	2005
88370	Unterman S											1.0	10.1016/j.annemergmed.2017.01.020	Ann Emerg Med	28545697	BiPAP and a Prayer.	2017
90452	Chern CH	How CK	Wang LM	Lee CH	Graff L							5.0	10.1016/j.annemergmed.2004.08.012	Ann Emerg Med	15635301	Decreasing clinically significant adverse events using feedback to emergency physicians of telephone follow-up outcomes.	2005
90521	McNamara S	Galt DJ										2.0	10.1097/PEC.0000000000000523	Pediatr Emerg Care	26241721	Regarding Near-Fatal Sodium Phosphate Toxicity in a Child Receiving Sodium Phosphate Enemas.	2015
90660	Quest TE	Simon JR	SAEM Ethics Committee									3.0	10.1111/j.1553-2712.2011.01218.x	Acad Emerg Med	22092901	Society for Academic Emergency Medicine position statement on teacher-learner relationships.	2011
90828	Wilson MP	Cucciare MA	Porter A	Chalmers CE	Mullinax S	Mancino M	Oliveto AH					7.0	10.1016/j.ajem.2019.05.035	Am J Emerg Med	31221474	The utility of a statewide prescription drug-monitoring database vs the Current Opioid Misuse Measure for identifying drug-aberrant behaviors in emergency department patients already on opioids.	2020
91013	Damush TM	Miech EJ	Sico JJ	Phipps MS	Arling G	Ferguson J	Austin C	Myers L	Baye F	Luckhurst C	['Keating AB', 'Moran E', 'Bravata DM']	13.0	10.1212/WNL.0000000000004739	Neurology	29117959	Barriers and facilitators to provide quality TIA care in the Veterans Healthcare Administration.	2017
91314	Fettiplace MR	Pichurko A	Ripper R	Lin B	Kowal K	Lis K	Schwartz D	Feinstein DL	Rubinstein I	Weinberg G		10.0	10.1111/acem.12657	Acad Emerg Med	25908403	Cardiac depression induced by cocaine or cocaethylene is alleviated by lipid emulsion more effectively than by sulfobutylether-β-cyclodextrin.	2015
91668	Murata GH	Gorby MS	Chick TW	Halperin AK								4.0	10.1016/s0196-0644(05)81207-7	Ann Emerg Med	1996791	Treatment of decompensated chronic obstructive pulmonary disease in the emergency department--correlation between clinical features and prognosis.	1991
91903	Hou SK	Chern CH	How CK	Chen JD	Wang LM	Lee CH						6.0	10.1016/j.ajem.2004.02.017	Am J Emerg Med	15138961	Hepatic portal venous gas: clinical significance of computed tomography findings.	2004
92290	Jan SL	Lin MC	Chan SC									3.0	10.1016/j.jemermed.2019.01.032	J Emerg Med	30922708	Spontaneous Return of Sinus Rhythm in a Child Born With Complete Heart Block.	2019
92411	Pellerin G	Gao K	Kaminsky L									3.0	10.1016/j.ajem.2017.11.045	Am J Emerg Med	29169885	Model performance and variable selection method - A reply to the reader.	2018
93134	Jo S											1.0	10.1016/j.ajem.2020.05.043	Am J Emerg Med	32487459	A NEWS-L score to a NEWS+L score.	2021
94129	Harrison A	Morrison LK	Krishnaswamy P	Kazanegra R	Clopton P	Dao Q	Hlavin P	Maisel AS				8.0	10.1067/mem.2002.121483	Ann Emerg Med	11823766	B-type natriuretic peptide predicts future cardiac events in patients presenting to the emergency department with dyspnea.	2002
94572	Young GP	Taylor AS										2.0	10.1016/0735-6757(91)90123-2	Am J Emerg Med	1834070	Conversion of paroxysmal supraventricular tachycardia in a child with a slow verapamil infusion: case report and literature review.	1991
94788	Molokie RE	Montminy C	Dionisio C	Farooqui MA	Gowhari M	Yao Y	Suarez ML	Ezenwa MO	Schlaeger JM	Wang ZJ	['Wilkie DJ']	11.0	10.1016/j.ajem.2017.07.037	Am J Emerg Med	28802541	Opioid doses and acute care utilization outcomes for adults with sickle cell disease: ED versus acute care unit.	2018
94808	Quest T	Herr S	Lamba S	Weissman D	IPAL-EM Advisory Board							5.0	10.1016/j.annemergmed.2013.01.019	Ann Emerg Med	23548402	Demonstrations of clinical initiatives to improve palliative care in the emergency department: a report from the IPAL-EM Initiative.	2013
95250	Asiimwe SB	Vittinghoff E	Whooley M									3.0	10.1016/j.jemermed.2019.11.020	J Emerg Med	31924465	Vital Signs Data and Probability of Hospitalization, Transfer to Another Facility, or Emergency Department Death Among Adults Presenting for Medical Illnesses to the Emergency Department at a Large Urban Hospital in the United States.	2020
95553	Lee DL	Hsu CW	Lee H	Chang HW	Huang YC							5.0	10.1197/j.aem.2005.04.020	Acad Emerg Med	16141015	Beneficial effects of albuterol therapy driven by heliox versus by oxygen in severe asthma exacerbation.	2005
95901	Weeks WB	Wallace AE										2.0	10.1197/j.aem.2006.12.013	Acad Emerg Med	17379596	Differences in the annual incomes of emergency physicians related to gender.	2007
96569	Kessler CS	Asrow A	Beach C	Cheung D	Fairbanks RJ	Lammers JC	Tibbles C	Wears R	Woods R	Schuur JD		10.0	10.1016/j.annemergmed.2012.07.122	Ann Emerg Med	23017469	The taxonomy of emergency department consultations--results of an expert consensus panel.	2013
97138	Falidas E	Gourgiotis S	Vlachos K	Villias C								4.0	10.1016/j.ajem.2015.02.052	Am J Emerg Med	25795431	Delayed presentation of diaphragmatic rupture with stomach herniation and strangulation.	2015
97426	Huang LW	Hwang JI	Chu CK									3.0	10.1016/j.annemergmed.2012.01.018	Ann Emerg Med	22720858	Images in emergency medicine. Active bleeding from a lumbar artery, with hematoma formation.	2012
98216	Daniel M	Carney M	Khandelwal S	Merritt C	Cole M	Malone M	Hemphill RR	Peterson W	Burkhardt J	Hopson L	['Santen SA']	11.0	10.15766/mep_2374-8265.10646	MedEdPORTAL	30800847	Cognitive Debiasing Strategies: A Faculty Development Workshop for Clinical Teachers in Emergency Medicine.	2017
99352	Hu SC											1.0	10.1016/0735-6757(93)90049-h	Am J Emerg Med	8447879	Computerized monitoring of emergency department patient flow.	1993
99968	Benjenk I	DuGoff EH	Jacobsohn GC	Cayenne N	Jones CMC	Caprio TV	Cushman JT	Green RK	Kind AJH	Lohmeier M	['Mi R', 'Shah MN']	12.0	10.1111/acem.14105	Acad Emerg Med	32767696	Predictors of Older Adult Adherence With Emergency Department Discharge Instructions.	2021
100189	Hu SC											1.0	10.1016/0735-6757(94)90071-x	Am J Emerg Med	8031443	Out-of-hospital cardiac arrest in an Oriental metropolitan city.	1994
100486	Young GP											1.0	10.1016/s0196-0644(05)80112-x	Ann Emerg Med	8333633	Status of clinical and academic emergency medicine at 111 Veterans Affairs medical centers.	1993
101577	Doran KM	Raven MC	Rosenheck RA									3.0	10.1016/j.annemergmed.2013.02.016	Ann Emerg Med	23582617	What drives frequent emergency department use in an integrated health system? National data from the Veterans Health Administration.	2013
101730	Gabayan GZ	Sun BC	Asch SM	Timmermans S	Sarkisian C	Yiu S	Lancaster EM	Poon KT	Kellermann AL	Ryan G	['Miniel NJ', 'Flansbaum D', 'Hoffman JR', 'Derose SF']	14.0	10.1111/acem.12181	Acad Emerg Med	24033620	Qualitative factors in patients who die shortly after emergency department discharge.	2013
101812	Duriseti RS	Shachter RD	Brandeau ML									3.0	10.1197/j.aem.2006.02.011	Acad Emerg Med	16723725	Value of quantitative D-dimer assays in identifying pulmonary embolism: implications from a sequential decision model.	2006
102492	Ganti L											1.0	10.1016/j.annemergmed.2015.02.002	Ann Emerg Med	25724622	Do Glycoprotein IIb/IIIa Inhibitors Improve Outcomes in Acute Ischemic Stroke?	2015
102597	Hu SC	Tsai J	Lu YL	Lan CF								4.0	10.1016/s0735-6757(96)90022-4	Am J Emerg Med	8630165	EMS characteristics in an Asian Metropolis.	1996
103245	Tang PL	Cheng JS	Huang WC	Chang HS	Chen HC							5.0	10.1016/j.ajem.2015.04.077	Am J Emerg Med	26004739	Why do head and neck cancer patients visit the emergency department?	2015
103556	Eisenach KD											1.0	10.1016/s0196-0644(94)70182-2	Ann Emerg Med	8080141	Use of an insertion sequence for laboratory diagnosis and epidemiologic studies of tuberculosis.	1994
103595	Stansbury JP	Jia H	Williams LS	Vogel WB	Duncan PW							5.0	10.1161/01.STR.0000153065.39325.fd	Stroke	15637317	Ethnic disparities in stroke: epidemiology, acute care, and postacute outcomes.	2005
103634	Bou-Abdallah JZ	Murthy UK	Mehta N	Prasad HN	Kaul V							5.0	10.1016/j.jemermed.2009.05.008	J Emerg Med	19564091	Coffee grounds emesis: not just an upper GI bleed.	2012
103860	Kanzaria HK	McCabe AM	Meisel ZM	LeBlanc A	Schaffer JT	Bellolio MF	Vaughan W	Merck LH	Applegate KE	Hollander JE	['Grudzen CR', 'Mills AM', 'Carpenter CR', 'Hess EP']	14.0	10.1111/acem.12832	Acad Emerg Med	26574729	Advancing Patient-centered Outcomes in Emergency Diagnostic Imaging: A Research Agenda.	2015
104861	Asche CV	Kim M	Brown A	Golden A	Laack TA	Rosario J	Strother C	Totten VY	Okuda Y			9.0	10.1111/acem.13336	Acad Emerg Med	29071767	Communicating Value in Simulation: Cost Benefit Analysis and Return on Investment.	2017
105137	Carpenter CR	Hammouda N	Linton EA	Doering M	Ohuabunwa UK	Ko KJ	Hung WW	Shah MN	Lindquist LA	Biese K	['Wei D', 'Hoy L', 'Nerbonne L', 'Hwang U', 'Dresden SM', 'GEAR Network']	16.0	10.1111/acem.14166	Acad Emerg Med	33135274	Delirium Prevention, Detection, and Treatment in Emergency Medicine Settings: A Geriatric Emergency Care Applied Research (GEAR) Network Scoping Review and Consensus Statement.	2021
105750	Mandal AK	Saklayen MG	Hillman NM	Markert RJ								4.0	10.1016/s0735-6757(97)90082-6	Am J Emerg Med	9115510	Predictive factors for high mortality in hypernatremic patients.	1997
106862	Wu ML	Deng JF	Chen Y	Chu WL	Hung DZ	Yang CC						6.0	10.1016/j.ajem.2013.07.001	Am J Emerg Med	23928328	Late diagnosis of an outbreak of leanness-enhancing agent-related food poisoning.	2013
107426	Sutter ME	Gerona RR	Davis MT	Roche BM	Colby DK	Chenoweth JA	Adams AJ	Owen KP	Ford JB	Black HB	['Albertson TE']	11.0	10.1111/acem.13034	Acad Emerg Med	27322591	Fatal Fentanyl: One Pill Can Kill.	2017
108570	Gershon T	Kuruppu J	Olshaker J									3.0	10.1016/s0736-4679(99)00228-0	J Emerg Med	10729676	Delayed cardiac tamponade after pacemaker insertion.	2000
108890	Omar HR	Mirsaeidi M	Abraham B	Enten G	Mangar D	Camporesi EM						6.0	10.1016/j.ajem.2018.02.035	Am J Emerg Med	29525476	A portrait of patients who die in-hospital from acute pulmonary embolism.	2018
109701	Sun BC	Mangione CM	Merchant G	Weiss T	Shlamovitz GZ	Zargaraff G	Shiraga S	Hoffman JR	Mower WR			9.0	10.1016/j.annemergmed.2006.11.012	Ann Emerg Med	17210201	External validation of the San Francisco Syncope Rule.	2007
109798	Lee CP	Lee WL	Lai HC	Ting CT	Wang KY	Liu TJ						6.0	10.1016/j.ajem.2011.07.026	Am J Emerg Med	22030192	Recurrent vasodilator-refractory acute coronary syndrome as the exclusive manifestation of Graves disease.	2012
113056	Gupta N											1.0	10.1111/acem.13363	Acad Emerg Med	29265543	Primary Spontaneous Pneumothorax: Looking Beyond the Usual.	2018
113730	Chu A	Biancarelli D	Drainoni ML	Liu JH	Schneider JI	Sullivan R	Sheng AY					7.0	10.5811/westjem.2019.6.42657	West J Emerg Med	31913823	Usability of Learning Moment: Features of an E-learning Tool That Maximize Adoption by Students.	2019
114427	Vohra R	Vohra SS	Grock A	Mason J								4.0	10.1016/j.annemergmed.2018.06.011	Ann Emerg Med	30031507	Working Through the Paradox of Methotrexate Toxicity.	2018
114594	Han JH	Wilson A	Vasilevskis EE	Shintani A	Schnelle JF	Dittus RS	Graves AJ	Storrow AB	Shuster J	Ely EW		10.0	10.1016/j.annemergmed.2013.05.003	Ann Emerg Med	23916018	Diagnosing delirium in older emergency department patients: validity and reliability of the delirium triage screen and the brief confusion assessment method.	2013
115173	Asch S	Leake B	Knowles L	Gelberg L								4.0	10.1016/s0196-0644(98)70128-3	Ann Emerg Med	9701295	Tuberculosis in homeless patients: potential for case finding in public emergency departments.	1998
115657	Chiu YH	Huang MK	How CK	Hsu TF	Chen JD	Chern CH	Yen DH	Huang CI				8.0	10.1016/j.ajem.2009.06.006	Am J Emerg Med	19857417	D-dimer in patients with suspected acute mesenteric ischemia.	2009
115937	Asimos AW	Ward S	Brice JH	Rosamond WD	Goldstein LB	Studnek J						6.0	10.1016/j.annemergmed.2014.03.024	Ann Emerg Med	24746847	Out-of-hospital stroke screen accuracy in a state with an emergency medical services protocol for routing patients to acute stroke centers.	2014
115993	Luo CB	Teng MM	Chang FC	Chang CY								4.0	10.1016/j.ajem.2006.03.007	Am J Emerg Med	16984839	Transarterial embolization of acute external carotid blowout syndrome with profuse oronasal bleeding by N-butyl-cyanoacrylate.	2006
116122	Gabayan GZ	Derose SF	Chiu VY	Yiu SC	Sarkisian CA	Jones JP	Sun BC					7.0	10.1016/j.annemergmed.2015.04.009	Ann Emerg Med	26003004	Emergency Department Crowding and Outcomes After Emergency Department Discharge.	2015
116123	Katz DA	Aufderheide TP	Gaeth G	Rahko PS	Hillis SL	Selker HP						6.0	10.1016/j.jemermed.2013.05.029	J Emerg Med	23937807	Satisfaction and emergency department revisits in patients with possible acute coronary syndrome.	2013
116228	Frazee BW	Trivedi T	Montgomery M	Petrovic DF	Yamaji R	Riley L						6.0	10.1016/j.annemergmed.2018.05.006	Ann Emerg Med	29980462	Emergency Department Urinary Tract Infections Caused by Extended-Spectrum β-Lactamase-Producing Enterobacteriaceae: Many Patients Have No Identifiable Risk Factor and Discordant Empiric Therapy Is Common.	2018
116467	Huang CC	Kao WF	Yen DH	Huang HH	Huang CI	Lee CH						6.0	10.1016/j.jemermed.2005.03.013	J Emerg Med	16434337	Renal infarction without hematuria: two case reports.	2006
117122	Grady D	Redberg RF										2.0	10.1001/jamainternmed.2014.7177	JAMA Intern Med	25730572	Advancing medical professionalism and the choosing wisely campaign--reply.	2015
117133	Chen CH	Hsieh JG	Cheng SL	Lin YL	Lin PH	Jeng JH						6.0	10.1016/j.ajem.2020.03.019	Am J Emerg Med	32216994	Early short-term prediction of emergency department length of stay using natural language processing for low-acuity outpatients.	2020
117793	Tsai HL	Liu SW	How CK	Chern CH	Yen DH	Huang CI						6.0	10.1016/j.ajem.2008.03.035	Am J Emerg Med	19091292	A rare case of massive retroperitoneal hemorrhage after bone marrow aspiration alone.	2008
118375	Lai S	Jain A	Mason J	Grock A								4.0	10.1016/j.annemergmed.2018.07.021	Ann Emerg Med	30144865	Beyond ATLS: Demystifying the Expert Resuscitationist.	2018
118660	Kazimi M	Deo SV	Altarabsheh SE	Deo VS	Niforatos JD	Elgudin YE						6.0	10.1016/j.ajem.2020.04.060	Am J Emerg Med	32354527	Acute aortic dissection in patients presenting to US emergency department, 2006-2014.	2020
119431	Yen D	Hu SC	Chen LS	Liu K	Kao WF	Tsai J	Chern CH	Lee CH				8.0	10.1016/s0735-6757(97)90178-9	Am J Emerg Med	9375545	Arterial oxygen desaturation during emergent nonsedated upper gastrointestinal endoscopy in the emergency department.	1997
120007	Fan JS	Kao WF	Yen DH	Wang LM	Huang CI	Lee CH						6.0	10.1016/j.ajem.2007.03.005	Am J Emerg Med	18022494	Risk factors and prognostic predictors of unexpected intensive care unit admission within 3 days after ED discharge.	2007
121021	Kuo KH	Hsu HL	Pan YJ	Huang CY								4.0	10.1016/j.ajem.2015.07.036	Am J Emerg Med	26349780	Carotid blowout and cerebral gas embolism related to bidirectional carotid-esophageal fistula: a serious complication of esophageal cancer under radiotherapy.	2016
121211	Kessler C	Bauer SJ										2.0	10.1016/j.jemermed.2012.06.015	J Emerg Med	22883714	Utility of the digital rectal examination in the emergency department: a review.	2012
121782	Malatt C	Zawaideh M	Chao C	Hesselink JR	Lee RR	Chen JY						6.0	10.1016/j.jemermed.2014.06.042	J Emerg Med	25260346	Head computed tomography in the emergency department: a collection of easily missed findings that are life-threatening or life-changing.	2014
122087	Kerfoot BP	Nabha KS	Masser BA	McCullough DL								4.0	10.1097/01.ju.0000177462.61257.4e	J Urol	16217365	What makes a medical student avoid or enter a career in urology? Results of an international survey.	2005
122672	Kanzaria HK	Brook RH	Probst MA	Harris D	Berry SH	Hoffman JR						6.0	10.1111/acem.12627	Acad Emerg Med	25807995	Emergency physician perceptions of shared decision-making.	2015
123341	Davis CI	Montgomery AE	Dichter ME	Taylor LD	Blosnich JR							5.0	10.1016/j.ajem.2020.05.078	Am J Emerg Med	32739860	Social determinants and emergency department utilization: Findings from the Veterans Health Administration.	2020
123356	Colt HG	Solot JA										2.0	10.1016/s0196-0644(89)80104-0	Ann Emerg Med	2783838	Attitudes of patients and physicians regarding physician dress and demeanor in the emergency department.	1989
125759	McGee WT	Raghunathan K	Adler AC									3.0	10.1097/SHK.0000000000000472	Shock	26368925	Utility of Functional Hemodynamics and Echocardiography to Aid Diagnosis and Management of Shock.	2015
125781	Bornstein K	Long B	Porta AD	Weinberg G								4.0	10.1016/j.ajem.2020.08.103	Am J Emerg Med	33162264	After a century, Epinephrine's role in cardiac arrest resuscitation remains controversial.	2021
125989	Wu ML	Yang CC	Deng JF	Wang KY								4.0	10.1016/j.annemergmed.2014.06.001	Ann Emerg Med	24997564	Hyperkalemia, hyperphosphatemia, acute kidney injury, and fatal dysrhythmias after consumption of palytoxin-contaminated goldspot herring.	2014
127388	Murata GH	Gorby MS	Chick TW	Halperin AK								4.0	10.1016/s0196-0644(89)80833-9	Ann Emerg Med	2719362	Use of emergency medical services by patients with decompensated obstructive lung disease.	1989
127654	Chern CH	Tsai J	Wong PS	Hu SC								4.0	10.1016/0735-6757(95)90101-9	Am J Emerg Med	7893316	Rotating residents' impressions of an ED managed by career emergency physicians.	1995
130696	Kuschner WG											1.0	10.1016/s0736-4679(99)00221-8	J Emerg Med	10729669	Massive esophageal variceal hemorrhage triggered by complicated endotracheal intubation.	2000
131264	Omar HR	Mirsaeidi M	El-Khabiry E	Mangar D	Camporesi EM							5.0	10.1016/j.ajem.2015.11.018	Am J Emerg Med	26643161	The simultaneous recording of right- and left-sided electrocardiogram in acute pulmonary embolism.	2016
131396	Ladizinski B	Federman DG										2.0	10.1016/j.jemermed.2014.10.026	J Emerg Med	26070383	Seeing Red.	2015
131524	Sasson C	Smith J	Kessler C	Haukoos J	Himstreet J	Christopher M	Emmendorfer T					7.0	10.1016/j.ajem.2018.08.044	Am J Emerg Med	30146399	Variability in opioid prescribing in veterans affairs emergency departments and urgent cares.	2019
132103	Newgard CD	Cheney TP	Chou R	Fu R	Daya MR	O'Neil ME	Wasson N	Hart EL	Totten AM			9.0	10.1111/acem.14056	Acad Emerg Med	32558073	Out-of-hospital Circulatory Measures to Identify Patients With Serious Injury: A Systematic Review.	2020
134163	Tsai BM	Sun JT	Hsieh MJ	Lin YY	Kao TC	Chen LW	Ma MH	Wen-Chu C				8.0	10.1371/journal.pone.0235315	PLoS One	32634172	Optimal paramedic numbers in resuscitation of patients with out-of-hospital cardiac arrest: A randomized controlled study in a simulation setting.	2020
134605	Kessler C											1.0	10.1111/j.1553-2712.2012.01368.x	Acad Emerg Med	22687183	Assessing the utility of digital rectal exams in the ED.	2012
135066	Tsan YT	Hu SY	Lin TC									3.0	10.1016/j.annemergmed.2008.05.022	Ann Emerg Med	19167623	Images in emergency medicine. Pyogenic vertebral osteomyelitis with bilateral paravertebral abscesses.	2009
135196	Wei CJ	Tiu CM	Chen JD	Chou YH	Chang CY	Yu C						6.0	10.1016/j.ajem.2004.02.004	Am J Emerg Med	15138951	Computed tomography features of acute pulmonary tuberculosis.	2004
136148	Foster SD	Lee K	Edwards C	Pelullo AP	Khatri UG	Lowenstein M	Perrone J					7.0	10.1016/j.annemergmed.2020.02.020	Ann Emerg Med	32376089	Providing Incentive for Emergency Physician X-Waiver Training: An Evaluation of Program Success and Postintervention Buprenorphine Prescribing.	2020
136770	Katz DA	Graber M	Lounsbury P	Vander Weg MW	Phillips EK	Clair C	Horwitz PA	Cai X	Christensen AJ			9.0	10.1111/acem.13231	Acad Emerg Med	28748625	Multiple Risk Factor Counseling to Promote Heart-healthy Lifestyles in the Chest Pain Observation Unit: Pilot Randomized Controlled Trial.	2017
136919	Metlay JP	Camargo CA	Bos K	Gonzales R								4.0	10.1197/j.aem.2005.01.012	Acad Emerg Med	15995102	Assessing the suitability of intervention sites for quality improvement studies in emergency departments.	2005
137227	Doran KM	Curry LA	Vashi AA	Platis S	Rowe M	Gang M	Vaca FE					7.0	10.1111/acem.12388	Acad Emerg Med	25039552	"""Rewarding and challenging at the same time"": emergency medicine residents' experiences caring for patients who are homeless."	2014
137323	Akhter M	Chen SP										2.0	10.1111/acem.13031	Acad Emerg Med	27311639	Vascular Emergencies and Shared Decision-making in Patients With Thunderclap Headache.	2016
137863	Hastings SN	Heflin MT										2.0	10.1197/j.aem.2005.05.032	Acad Emerg Med	16204142	A systematic review of interventions to improve outcomes for elders discharged from the emergency department.	2005
139092	Bailey H											1.0	10.1097/CCM.0000000000003748	Crit Care Med	31095014	Society of Critical Care Medicine Presidential Address-48th Annual Congress, February 2019, San Diego, California.	2019
141509	Chiu YH	Chen JD	Tiu CM	Chou YH	Yen DH	Huang CI	Chang CY					7.0	10.1016/j.ajem.2008.03.004	Am J Emerg Med	19328377	Reappraisal of radiographic signs of pneumoperitoneum at emergency department.	2009
141671	Hung YM	Chang JC										2.0	10.1016/j.ajem.2006.02.004	Am J Emerg Med	16984841	Weight-reducing regimen associated with polymorphic ventricular tachycardia.	2006
141725	Kessler CS	Tadisina KK	Saks M	Franzen D	Woods R	Banh KV	Bounds R	Smith M	Deiorio N	Schwartz A		10.0	10.1016/j.jemermed.2015.05.012	J Emerg Med	26250838	The 5Cs of Consultation: Training Medical Students to Communicate Effectively in the Emergency Department.	2015
141878	Martin DR	Ankel F	Hemphill RR	Heron S	Khandelwal S	Merritt C	Westergaard M	Santen SA				8.0	10.5811/westjem.2017.11.35301	West J Emerg Med	29383075	Creating a Vision for Education Leadership.	2018
142285	Cercy SP	Simakhodskaya Z	Elliott A									3.0	10.1111/j.1553-2712.2010.00682.x	Acad Emerg Med	20370764	Diagnostic accuracy of a new instrument for detecting cognitive dysfunction in an emergent psychiatric population: the Brief Cognitive Screen.	2010
142776	Hastings SN	George LK	Fillenbaum GG	Park RS	Burchett BM	Schmader KE						6.0	10.1016/j.ajem.2007.07.005	Am J Emerg Med	18410815	Does lack of social support lead to more ED visits for older adults?	2008
142826	Fettiplace MR	Weinberg G										2.0	10.1016/j.annemergmed.2015.11.002	Ann Emerg Med	26915556	In reply.	2016
143054	Boyd JS	LoPresti CM	Core M	Schott C	Mader MJ	Lucas BP	Haro EK	Finley EP	Restrepo MI	Kessler C	['Colon-Molero A', 'Pugh J', 'Soni NJ']	13.0	10.1016/j.ajem.2019.02.043	Am J Emerg Med	30878406	Current use and training needs of point-of-care ultrasound in emergency departments: A national survey of VA hospitals.	2019
143267	Mason J	Colwell CB	Grock A									3.0	10.1016/j.annemergmed.2018.08.004	Ann Emerg Med	30236325	Agitation Crisis Control.	2018
143623	Moss JM	Bryan WE	Wilkerson LM	King HA	Jackson GL	Owenby RK	Van Houtven CH	Stevens MB	Powers J	Vaughan CP	['Hung WW', 'Hwang U', 'Markland AD', 'Sloane R', 'Knaack W', 'Hastings SN']	16.0	10.1177/0897190017747424	J Pharm Pract	29277130	An Interdisciplinary Academic Detailing Approach to Decrease Inappropriate Medication Prescribing by Physician Residents for Older Veterans Treated in the Emergency Department.	2019
143813	Jesse RL											1.0	10.1016/s0736-4679(99)00022-0	J Emerg Med	10338259	The platelet in acute coronary syndromes: defining the pivotal role of platelet glycoprotein IIb/IIIa receptor blockade.	1999
144775	Daya MR	Cheney TP	Chou R	Fu R	Newgard CD	O'Neil ME	Wasson N	Hart EL	Totten AM			9.0	10.1111/acem.14055	Acad Emerg Med	32569406	Out-of-hospital Respiratory Measures to Identify Patients With Serious Injury: A Systematic Review.	2020
145654	Yen D	Tsai J	Wang LM	Kao WF	Hu SC	Lee CH	Deng JF					7.0	10.1016/0735-6757(95)90162-0	Am J Emerg Med	7662055	The clinical experience of acute cyanide poisoning.	1995
145898	Hu SC											1.0	10.1016/0735-6757(92)90022-p	Am J Emerg Med	1616529	Analysis of patient revisits to the emergency department.	1992
146147	Fettiplace MR	Akpa BS	Rubinstein I	Weinberg G								4.0	10.1016/j.annemergmed.2015.01.020	Ann Emerg Med	25737211	Confusion About Infusion: Rational Volume Limits for Intravenous Lipid Emulsion During Treatment of Oral Overdoses.	2015
146196	Kizer KW	Vassar MJ										2.0	10.1016/s0735-6757(98)90127-9	Am J Emerg Med	9672450	Emergency department diagnosis of abdominal disorders in the elderly.	1998
146337	Bicknell JM	Fielder K										2.0	10.1016/0735-6757(92)90015-p	Am J Emerg Med	1616523	Unrecognized incomplete cervical spinal cord injury: review of nine new and 28 previously reported cases.	1992
146562	Chang YT	Chen CC	Chang CY	Kuo YC								4.0	10.1016/j.jemermed.2004.02.016	J Emerg Med	15261350	Evaluation of unpredictable critical conditions of patients treated in the observation unit of the Emergency Department.	2004
146775	Cushman DM	Thomas K	Mukherjee D	Johnson R	Spill G							5.0	10.1016/j.pmrj.2015.03.008	PM R	25772721	Perceived Quality of Life With Spinal Cord Injury: A Comparison Between Emergency Medicine and Physical Medicine and Rehabilitation Physicians.	2015
146793	Chen YJ	Hou SK	How CK	Chern CH	Lo HC	Yen DH	Huang CI	Lee CH				8.0	10.1016/j.ajem.2009.04.024	Am J Emerg Med	20887907	Diagnosis of unrecognized primary overt hypothyroidism in the ED.	2010
146941	Carey MJ											1.0	10.1016/S0735-6757(96)90065-0	Am J Emerg Med	8768171	Epiglottitis in adults.	1996
147594	Leptidis J	Aloizos S	Chlorokostas P	Gourgiotis S								4.0	10.1016/j.ajem.2014.02.045	Am J Emerg Med	24703065	Fatal cardiac tamponade as the first manifestation of acute myeloid leukemia.	2014
147877	Ladizinski B	Taylor C	Federman DG									3.0	10.1016/j.jemermed.2014.12.070	J Emerg Med	25865285	What lies beneath.	2015
147967	Yao NS	Hsu YM	Liu JM	Chen LT	Liau CS							5.0	10.1016/s0735-6757(99)90026-8	Am J Emerg Med	9928710	Lung cancer mimicking acute myocardial infarction on electrocardiogram.	1999
148247	Han JH	Wilson A	Graves AJ	Shintani A	Schnelle JF	Ely EW						6.0	10.1016/j.ajem.2016.02.069	Am J Emerg Med	27021131	A quick and easy delirium assessment for nonphysician research personnel.	2016
149018	Liu SW	Lin CC	How CK									3.0	10.1016/j.annemergmed.2008.10.031	Ann Emerg Med	19460593	A man with black urine. Cresol intoxication.	2009
149267	Limkakeng AT	de Oliveira LL	Moreira T	Phadtare A	Garcia Rodrigues C	Hocker MB	McKinney R	Voils CI	Pietrobon R			9.0	10.1136/medethics-2012-101147	J Med Ethics	23665997	Systematic review and metasummary of attitudes toward research in emergency medical conditions.	2014
149348	Imam SH	Landry K	Kaul V	Gambhir H	John D	Kloss B						6.0	10.1016/j.ajem.2014.03.036	Am J Emerg Med	24768668	Free phenytoin toxicity.	2014
150479	Prochazka A	Koziol-McLain J	Tomlinson D	Lowenstein SR								4.0	10.1111/j.1553-2712.1995.tb03201.x	Acad Emerg Med	7497036	Smoking cessation counseling by emergency physicians: opinions, knowledge, and training needs.	1995
150611	Chen CC	Chang CY	Wann SR	Liu BM	Lee CH							5.0	10.1016/j.jemermed.2005.08.018	J Emerg Med	16798167	Diagnostic images of pulmonary Langerhans cell histiocytosis: an uncommon cause of secondary spontaneous pneumothorax.	2006
150678	Desai R	Singh S	Parekh T	Sachdeva S	Kumar L	Sachdeva R	Kumar G					7.0	10.1016/j.annemergmed.2020.04.014	Ann Emerg Med	32471584	COVID-19 and Shock: A Cautionary Tale for Elderly Patients From a Pooled Analysis.	2020
151277	Young GP	Freitas P										2.0	10.1016/s0196-0644(05)81605-1	Ann Emerg Med	2024791	A randomized comparison of atropine and metaproterenol inhalational therapies for refractory status asthmaticus.	1991
151534	Kizer KW	Cushing TS	Nishimi RY									3.0	10.1067/mem.2000.109890	Ann Emerg Med	10969234	The Department of Veterans Affairs' role in Federal Emergency Management.	2000
151720	Yen DH	Hu SC	Tsai J	Kao WF	Chern CH	Wang LM	Lee CH					7.0	10.1016/s0735-6757(99)90060-8	Am J Emerg Med	10102326	Renal abscess: early diagnosis and treatment.	1999
151901	Solnick RE	Chao G	Ross RD	Kraft-Todd GT	Kocher KE							5.0	10.1111/acem.14188	Acad Emerg Med	33263357	Emergency Physicians and Personal Narratives Improve the Perceived Effectiveness of COVID-19 Public Health Recommendations on Social Media: A Randomized Experiment.	2021
153098	Self WH	Storrow AB	Hartmann O	Barrett TW	Fermann GJ	Maisel AS	Struck J	Bergmann A	Collins SP			9.0	10.1016/j.ajem.2015.10.033	Am J Emerg Med	26577429	Plasma bioactive adrenomedullin as a prognostic biomarker in acute heart failure.	2016
153963	Hoffman MD											1.0	10.1016/j.jemermed.2018.10.026	J Emerg Med	30545731	Predicted Risk for Exacerbation of Exercise-Associated Hyponatremia from Indiscriminate Postrace Intravenous Hydration of Ultramarathon Runners.	2019
154404	Kessler CS	Leone KA										2.0	10.1111/acem.12023	Acad Emerg Med	23279243	The current state of core competency assessment in emergency medicine and a future research agenda: recommendations of the working group on assessment of observable learner performance.	2012
154732	Curran GM	Sullivan G	Williams K	Han X	Collins K	Keys J	Kotrla KJ					7.0	10.1067/mem.2003.154	Ann Emerg Med	12712033	Emergency department use of persons with comorbid psychiatric and substance abuse disorders.	2003
154944	McCreary EK	Heim ME	Schulz LT	Hoffman R	Pothof J	Fox B						6.0	10.1016/j.jemermed.2017.05.007	J Emerg Med	28684060	Top 10 Myths Regarding the Diagnosis and Treatment of Cellulitis.	2017
154970	Seak CJ	Hsu KH	Wong YC	Ng CJ	Yen DH	Seak JC	Seak CK					7.0	10.1016/j.ajem.2014.05.016	Am J Emerg Med	25043627	The prognostic factors of adult patients with hepatic portal venous gas in the ED.	2014
155590	Huang NC	Lin SL	Chou CH	Hung YM	Chung HM	Huang ST						6.0	10.1016/j.ajem.2006.03.008	Am J Emerg Med	17098118	Fatal ventricular fibrillation in a patient with acute imidacloprid poisoning.	2006
156121	Okuda Y	Godwin SA	Jacobson L	Wang E	Weingart S							5.0	10.1016/j.jemermed.2014.06.058	J Emerg Med	25224173	SimWars.	2014
156154	How CK	Chern CH	Huang YC	Wang LM	Lee CH							5.0	10.1053/ajem.2003.50008	Am J Emerg Med	12563582	Tetrodotoxin poisoning.	2003
158302	Omar HR	Mirsaeidi M	Weinstock MB	Enten G	Mangar D	Camporesi EM						6.0	10.1016/j.ajem.2017.11.014	Am J Emerg Med	29146419	Syncope on presentation is a surrogate for submassive and massive acute pulmonary embolism.	2018
158795	Yonas E	Alwi I	Pranata R	Huang I	Lim MA	Gutierrez EJ	Yamin M	Siswanto BB	Virani SS			9.0	10.1016/j.ajem.2020.07.009	Am J Emerg Med	33071085	Effect of heart failure on the outcome of COVID-19 - A meta analysis and systematic review.	2021
159415	Sheckter CC	Cebron U	Suarez P	Rochlin D	Tedesco D	Hernandez-Boussard T	Curtin C					7.0	10.1016/j.ajem.2020.01.020	Am J Emerg Med	32005410	The rise of non-traumatic extremity compartment syndrome in light of the opioid epidemic.	2021
159909	Lin PY	Chen CH										2.0	10.1016/j.annemergmed.2019.10.009	Ann Emerg Med	32087869	Middle-aged Man With Abdominal Pain.	2020
160086	Chen CE	Liao ZZ	Lee YH	Liu CC	Tang CK	Chen YR						6.0	10.1016/j.jemermed.2017.06.007	J Emerg Med	28941556	Subgaleal Hematoma at the Contralateral Side of Scalp Trauma in an Adult.	2017
164604	Wolff M	Santen SA	Hopson LR	Hemphill RR	Farrell SE							5.0	10.1016/j.jemermed.2017.02.004	J Emerg Med	28336240	What's the Evidence: Self-Assessment Implications for Life-Long Learning in Emergency Medicine.	2017
164750	Ward MJ	Collins SP	Pines JM	Dill C	Tyndall G	Kessler CS						6.0	10.1016/j.ajem.2015.03.062	Am J Emerg Med	25936477	Emergency medicine in the Veterans Health Administration-results from a nationwide survey.	2015
165352	Chiang CC	Wu HT	Lin CF	Tzeng YH	Huang CK	Chen WM	Liu CL					7.0	10.3928/01477447-20120426-13	Orthopedics	22588401	Analysis of initial injury radiographs of occult femoral neck fractures in elderly patients: a pilot study.	2012
